<persons>
    <person>
        <name>Savannah</name>
        <surname>Dickerson</surname>
        <email>ac.sem@Phasellus.com</email>
    </person>
    <person>
        <name>Melyssa</name>
        <surname>Scott</surname>
        <email>orci@at.com</email>
    </person>
    <person>
        <name>Jemima</name>
        <surname>Workman</surname>
        <email>ac.mattis.semper@eget.org</email>
    </person>
    <person>
        <name>Evelyn</name>
        <surname>Santiago</surname>
        <email>consectetuer.cursus@nonmagna.com</email>
    </person>
    <person>
        <name>Blossom</name>
        <surname>Diaz</surname>
        <email>non.leo@mattisvelit.ca</email>
    </person>
    <person>
        <name>Miriam</name>
        <surname>Gonzales</surname>
        <email>velit@urna.com</email>
    </person>
    <person>
        <name>Jada</name>
        <surname>Dennis</surname>
        <email>lectus.ante@lectus.com</email>
    </person>
    <person>
        <name>Jessica</name>
        <surname>Cotton</surname>
        <email>in@purus.com</email>
    </person>
    <person>
        <name>Henry</name>
        <surname>Blackburn</surname>
        <email>amet.risus.Donec@semper.com</email>
    </person>
    <person>
        <name>Raymond</name>
        <surname>Estrada</surname>
        <email>vitae@eutellus.ca</email>
    </person>
    <person>
        <name>Rhiannon</name>
        <surname>Dodson</surname>
        <email>dictum@Nullamscelerisque.edu</email>
    </person>
    <person>
        <name>Nigel</name>
        <surname>Ferrell</surname>
        <email>dictum.Phasellus@velitin.ca</email>
    </person>
    <person>
        <name>Kane</name>
        <surname>Cook</surname>
        <email>massa.Vestibulum@eu.com</email>
    </person>
    <person>
        <name>Leandra</name>
        <surname>Macias</surname>
        <email>erat.Vivamus.nisi@NullainterdumCurabitur.ca</email>
    </person>
    <person>
        <name>Ivory</name>
        <surname>Sanchez</surname>
        <email>Cras.lorem@non.org</email>
    </person>
    <person>
        <name>Kelly</name>
        <surname>Palmer</surname>
        <email>dolor.egestas.rhoncus@risusDonecegestas.com</email>
    </person>
    <person>
        <name>Jenna</name>
        <surname>Willis</surname>
        <email>ipsum.dolor@luctus.ca</email>
    </person>
    <person>
        <name>Ivana</name>
        <surname>Wolf</surname>
        <email>ac@infelis.com</email>
    </person>
    <person>
        <name>Graiden</name>
        <surname>Hall</surname>
        <email>purus@Integer.edu</email>
    </person>
    <person>
        <name>Daria</name>
        <surname>Petty</surname>
        <email>tortor.dictum@egestasrhoncus.edu</email>
    </person>
    <person>
        <name>Holmes</name>
        <surname>Lang</surname>
        <email>adipiscing.enim@Nullamscelerisque.ca</email>
    </person>
    <person>
        <name>Michelle</name>
        <surname>Miranda</surname>
        <email>Nam.consequat.dolor@Naminterdum.edu</email>
    </person>
    <person>
        <name>Calista</name>
        <surname>Everett</surname>
        <email>Donec.nibh@laoreetlibero.com</email>
    </person>
    <person>
        <name>September</name>
        <surname>Nicholson</surname>
        <email>iaculis.odio@sollicitudincommodo.ca</email>
    </person>
    <person>
        <name>Rosalyn</name>
        <surname>Cline</surname>
        <email>Fusce.fermentum.fermentum@gravidanuncsed.edu</email>
    </person>
    <person>
        <name>Christen</name>
        <surname>Cleveland</surname>
        <email>Duis.volutpat.nunc@metusvitaevelit.ca</email>
    </person>
    <person>
        <name>Igor</name>
        <surname>Sears</surname>
        <email>non@eu.edu</email>
    </person>
    <person>
        <name>Plato</name>
        <surname>Johnston</surname>
        <email>suscipit.est@Lorem.org</email>
    </person>
    <person>
        <name>Kelsie</name>
        <surname>Peterson</surname>
        <email>lacus.Aliquam@dolorelitpellentesque.org</email>
    </person>
    <person>
        <name>Lionel</name>
        <surname>Puckett</surname>
        <email>mi.lacinia.mattis@lacusEtiambibendum.org</email>
    </person>
    <person>
        <name>Orlando</name>
        <surname>Hayes</surname>
        <email>Mauris.quis@fringilla.org</email>
    </person>
    <person>
        <name>Fuller</name>
        <surname>Keller</surname>
        <email>In.nec.orci@utmolestiein.org</email>
    </person>
    <person>
        <name>Brandon</name>
        <surname>Woodward</surname>
        <email>eget.magna@etnuncQuisque.edu</email>
    </person>
    <person>
        <name>Lyle</name>
        <surname>George</surname>
        <email>lacus.Mauris@risus.edu</email>
    </person>
    <person>
        <name>Abbot</name>
        <surname>Valdez</surname>
        <email>tincidunt.Donec.vitae@velit.ca</email>
    </person>
    <person>
        <name>Kessie</name>
        <surname>Carr</surname>
        <email>Suspendisse.commodo@nonbibendum.ca</email>
    </person>
    <person>
        <name>Louis</name>
        <surname>Mitchell</surname>
        <email>condimentum.Donec@convallisconvallis.com</email>
    </person>
    <person>
        <name>Francesca</name>
        <surname>Walters</surname>
        <email>non.leo@eu.edu</email>
    </person>
    <person>
        <name>Giacomo</name>
        <surname>Cross</surname>
        <email>Morbi@nunc.edu</email>
    </person>
    <person>
        <name>Iris</name>
        <surname>Curtis</surname>
        <email>nec.euismod.in@Nullamsuscipit.ca</email>
    </person>
    <person>
        <name>Abdul</name>
        <surname>Atkins</surname>
        <email>Donec.non.justo@lobortismauris.com</email>
    </person>
    <person>
        <name>Dominique</name>
        <surname>Knight</surname>
        <email>suscipit.est.ac@odioNam.org</email>
    </person>
    <person>
        <name>Odysseus</name>
        <surname>Barnett</surname>
        <email>nisi.a.odio@tempor.com</email>
    </person>
    <person>
        <name>Hammett</name>
        <surname>Ray</surname>
        <email>eu.sem@purusactellus.ca</email>
    </person>
    <person>
        <name>Gage</name>
        <surname>Branch</surname>
        <email>ac.libero@neque.ca</email>
    </person>
    <person>
        <name>Quinn</name>
        <surname>Wilcox</surname>
        <email>Fusce@ipsumdolor.org</email>
    </person>
    <person>
        <name>Ursa</name>
        <surname>Bishop</surname>
        <email>montes@tempor.org</email>
    </person>
    <person>
        <name>Gray</name>
        <surname>Riddle</surname>
        <email>Suspendisse@magnanec.org</email>
    </person>
    <person>
        <name>Jorden</name>
        <surname>Christensen</surname>
        <email>a.feugiat@id.edu</email>
    </person>
    <person>
        <name>Hashim</name>
        <surname>Knight</surname>
        <email>Mauris@aliquetProin.edu</email>
    </person>
    <person>
        <name>Whitney</name>
        <surname>Hansen</surname>
        <email>nibh.Phasellus.nulla@ullamcorperDuis.org</email>
    </person>
    <person>
        <name>Lacy</name>
        <surname>Thompson</surname>
        <email>justo@egestasurnajusto.org</email>
    </person>
    <person>
        <name>Chelsea</name>
        <surname>Blanchard</surname>
        <email>magna@dictum.org</email>
    </person>
    <person>
        <name>Kaseem</name>
        <surname>Melendez</surname>
        <email>sem.semper.erat@mattis.edu</email>
    </person>
    <person>
        <name>Lillian</name>
        <surname>Conway</surname>
        <email>mattis@egetmetus.com</email>
    </person>
    <person>
        <name>Allistair</name>
        <surname>Britt</surname>
        <email>tellus.faucibus.leo@Aenean.org</email>
    </person>
    <person>
        <name>Merritt</name>
        <surname>Melton</surname>
        <email>blandit@enimdiamvel.org</email>
    </person>
    <person>
        <name>Vivien</name>
        <surname>Baker</surname>
        <email>accumsan@velitegestas.com</email>
    </person>
    <person>
        <name>Quinn</name>
        <surname>Lowery</surname>
        <email>vitae.erat@ridiculusmusDonec.ca</email>
    </person>
    <person>
        <name>Fleur</name>
        <surname>Rios</surname>
        <email>ullamcorper.viverra@egetvolutpatornare.ca</email>
    </person>
    <person>
        <name>Suki</name>
        <surname>Leach</surname>
        <email>luctus.Curabitur@nibh.com</email>
    </person>
    <person>
        <name>Scarlet</name>
        <surname>Cannon</surname>
        <email>dictum.eu.placerat@imperdiet.edu</email>
    </person>
    <person>
        <name>Ross</name>
        <surname>Reid</surname>
        <email>in.hendrerit@tincidunt.ca</email>
    </person>
    <person>
        <name>Amethyst</name>
        <surname>Pennington</surname>
        <email>Mauris.nulla.Integer@Fuscemollis.org</email>
    </person>
    <person>
        <name>Gregory</name>
        <surname>Lyons</surname>
        <email>nisl.sem.consequat@Phasellus.ca</email>
    </person>
    <person>
        <name>Constance</name>
        <surname>Thomas</surname>
        <email>accumsan@ipsum.ca</email>
    </person>
    <person>
        <name>Cleo</name>
        <surname>Chandler</surname>
        <email>massa@penatibusetmagnis.org</email>
    </person>
    <person>
        <name>Cruz</name>
        <surname>Paul</surname>
        <email>ornare.In@temporbibendum.org</email>
    </person>
    <person>
        <name>Tyrone</name>
        <surname>Nunez</surname>
        <email>arcu.Nunc@nisi.org</email>
    </person>
    <person>
        <name>Evan</name>
        <surname>Erickson</surname>
        <email>Etiam@nibh.org</email>
    </person>
    <person>
        <name>Claudia</name>
        <surname>Nash</surname>
        <email>Cras.sed@estacmattis.com</email>
    </person>
    <person>
        <name>Pascale</name>
        <surname>Cherry</surname>
        <email>mi@nonjustoProin.edu</email>
    </person>
    <person>
        <name>Evelyn</name>
        <surname>Baxter</surname>
        <email>ante.ipsum.primis@adlitoratorquent.org</email>
    </person>
    <person>
        <name>Wing</name>
        <surname>Gill</surname>
        <email>per@semperet.ca</email>
    </person>
    <person>
        <name>Raja</name>
        <surname>Smith</surname>
        <email>euismod.in@Duisa.com</email>
    </person>
    <person>
        <name>Gail</name>
        <surname>Fisher</surname>
        <email>Integer.mollis.Integer@nullaInteger.edu</email>
    </person>
    <person>
        <name>Garth</name>
        <surname>Kaufman</surname>
        <email>Suspendisse@conguea.ca</email>
    </person>
    <person>
        <name>Donna</name>
        <surname>Holman</surname>
        <email>orci.luctus@Integerinmagna.com</email>
    </person>
    <person>
        <name>Harriet</name>
        <surname>Rhodes</surname>
        <email>eu@ametultricies.edu</email>
    </person>
    <person>
        <name>Brody</name>
        <surname>Jacobs</surname>
        <email>magna.sed@Vivamusmolestiedapibus.org</email>
    </person>
    <person>
        <name>Colton</name>
        <surname>Duffy</surname>
        <email>id.magna@nullaIntegervulputate.edu</email>
    </person>
    <person>
        <name>Edan</name>
        <surname>Baxter</surname>
        <email>Cras@orciUt.ca</email>
    </person>
    <person>
        <name>Desirae</name>
        <surname>Thomas</surname>
        <email>et@hendreritDonec.ca</email>
    </person>
    <person>
        <name>Drew</name>
        <surname>Dixon</surname>
        <email>lectus.a.sollicitudin@rutrumurnanec.ca</email>
    </person>
    <person>
        <name>Jasper</name>
        <surname>Stein</surname>
        <email>Nunc.commodo@Duis.edu</email>
    </person>
    <person>
        <name>Stacy</name>
        <surname>Taylor</surname>
        <email>turpis.non@maurisblanditmattis.org</email>
    </person>
    <person>
        <name>Indigo</name>
        <surname>Ballard</surname>
        <email>pellentesque.massa@odioEtiamligula.com</email>
    </person>
    <person>
        <name>Leroy</name>
        <surname>Golden</surname>
        <email>ultrices@Aliquamnec.com</email>
    </person>
    <person>
        <name>Erasmus</name>
        <surname>Mcguire</surname>
        <email>fermentum@Donecporttitor.com</email>
    </person>
    <person>
        <name>Lev</name>
        <surname>Mccray</surname>
        <email>lectus.convallis.est@blanditenim.org</email>
    </person>
    <person>
        <name>Ima</name>
        <surname>Petersen</surname>
        <email>egestas@acmieleifend.org</email>
    </person>
    <person>
        <name>Murphy</name>
        <surname>Mcintosh</surname>
        <email>tempus.risus.Donec@dolorquamelementum.edu</email>
    </person>
    <person>
        <name>Kelsie</name>
        <surname>Cantrell</surname>
        <email>ut.aliquam@commodohendreritDonec.org</email>
    </person>
    <person>
        <name>Claudia</name>
        <surname>Carlson</surname>
        <email>fringilla@fermentumconvallisligula.com</email>
    </person>
    <person>
        <name>Cole</name>
        <surname>Walsh</surname>
        <email>quis.pede.Praesent@intempus.org</email>
    </person>
    <person>
        <name>Hu</name>
        <surname>Baker</surname>
        <email>Aliquam@Vivamusnibh.com</email>
    </person>
    <person>
        <name>Lara</name>
        <surname>Wong</surname>
        <email>a.dui@leo.ca</email>
    </person>
    <person>
        <name>Simone</name>
        <surname>Lancaster</surname>
        <email>netus.et@egettincidunt.ca</email>
    </person>
    <person>
        <name>Heather</name>
        <surname>Harrison</surname>
        <email>tellus@lacus.edu</email>
    </person>
    <person>
        <name>Zenia</name>
        <surname>Curtis</surname>
        <email>faucibus.lectus.a@fringilla.org</email>
    </person>
    <person>
        <name>Stuart</name>
        <surname>Pugh</surname>
        <email>nulla.Cras.eu@asollicitudinorci.org</email>
    </person>
    <person>
        <name>Shelley</name>
        <surname>Goodman</surname>
        <email>quam.dignissim@habitantmorbitristique.ca</email>
    </person>
    <person>
        <name>Keegan</name>
        <surname>Olson</surname>
        <email>dolor.dapibus@tortor.org</email>
    </person>
    <person>
        <name>Hop</name>
        <surname>Rodriguez</surname>
        <email>vitae.semper.egestas@natoque.ca</email>
    </person>
    <person>
        <name>Deanna</name>
        <surname>Frye</surname>
        <email>Vivamus@risus.org</email>
    </person>
    <person>
        <name>Rebecca</name>
        <surname>Medina</surname>
        <email>sociis@etmagnisdis.com</email>
    </person>
    <person>
        <name>Sarah</name>
        <surname>Patton</surname>
        <email>ullamcorper@ettristique.com</email>
    </person>
    <person>
        <name>Jenette</name>
        <surname>Martin</surname>
        <email>tempor.lorem.eget@etrutrum.com</email>
    </person>
    <person>
        <name>Gil</name>
        <surname>Brady</surname>
        <email>tellus@inmagna.org</email>
    </person>
    <person>
        <name>Jena</name>
        <surname>Merritt</surname>
        <email>litora@eu.ca</email>
    </person>
    <person>
        <name>Christine</name>
        <surname>Brennan</surname>
        <email>ac@lectusasollicitudin.com</email>
    </person>
    <person>
        <name>Clark</name>
        <surname>Contreras</surname>
        <email>natoque.penatibus.et@orciUtsagittis.org</email>
    </person>
    <person>
        <name>Bo</name>
        <surname>Becker</surname>
        <email>est.vitae.sodales@Fusce.edu</email>
    </person>
    <person>
        <name>Lacey</name>
        <surname>Guerrero</surname>
        <email>Fusce.dolor.quam@Aliquamvulputateullamcorper.com</email>
    </person>
    <person>
        <name>Cullen</name>
        <surname>Mason</surname>
        <email>bibendum@purusin.com</email>
    </person>
    <person>
        <name>Jenette</name>
        <surname>Stuart</surname>
        <email>sociis.natoque.penatibus@penatibus.com</email>
    </person>
    <person>
        <name>Selma</name>
        <surname>Zamora</surname>
        <email>pede.Suspendisse.dui@fermentum.com</email>
    </person>
    <person>
        <name>Clinton</name>
        <surname>Peterson</surname>
        <email>odio.Etiam@ornare.ca</email>
    </person>
    <person>
        <name>Axel</name>
        <surname>Henderson</surname>
        <email>a@pedeCumsociis.org</email>
    </person>
    <person>
        <name>Margaret</name>
        <surname>Roy</surname>
        <email>Sed@vehicularisusNulla.ca</email>
    </person>
    <person>
        <name>Price</name>
        <surname>Lyons</surname>
        <email>magna@habitantmorbi.org</email>
    </person>
    <person>
        <name>Logan</name>
        <surname>Sharp</surname>
        <email>In.at.pede@auctorodio.org</email>
    </person>
    <person>
        <name>Marvin</name>
        <surname>Ramirez</surname>
        <email>Donec.tincidunt@et.edu</email>
    </person>
    <person>
        <name>Briar</name>
        <surname>Short</surname>
        <email>nunc.interdum.feugiat@sedhendrerit.ca</email>
    </person>
    <person>
        <name>Flynn</name>
        <surname>York</surname>
        <email>non.nisi@purusmauris.org</email>
    </person>
    <person>
        <name>Benjamin</name>
        <surname>Stevenson</surname>
        <email>consectetuer@Aeneaneuismodmauris.org</email>
    </person>
    <person>
        <name>Dieter</name>
        <surname>Nicholson</surname>
        <email>risus@enimgravida.org</email>
    </person>
    <person>
        <name>Lacy</name>
        <surname>Baker</surname>
        <email>eu.neque.pellentesque@duiFuscealiquam.com</email>
    </person>
    <person>
        <name>Kaseem</name>
        <surname>Holder</surname>
        <email>non.quam@Loremipsum.ca</email>
    </person>
    <person>
        <name>Yeo</name>
        <surname>Sanchez</surname>
        <email>nisi.a@Namnullamagna.ca</email>
    </person>
    <person>
        <name>Heidi</name>
        <surname>Black</surname>
        <email>tempus@faucibuslectusa.org</email>
    </person>
    <person>
        <name>Cameron</name>
        <surname>Vang</surname>
        <email>turpis@tinciduntnuncac.com</email>
    </person>
    <person>
        <name>Ryan</name>
        <surname>Harris</surname>
        <email>nec.ligula.consectetuer@risusInmi.edu</email>
    </person>
    <person>
        <name>Debra</name>
        <surname>Cortez</surname>
        <email>luctus@pede.com</email>
    </person>
    <person>
        <name>Neville</name>
        <surname>Mcintyre</surname>
        <email>egestas@placeratvelitQuisque.ca</email>
    </person>
    <person>
        <name>Hope</name>
        <surname>Romero</surname>
        <email>dignissim.tempor@nonmagnaNam.com</email>
    </person>
    <person>
        <name>Mechelle</name>
        <surname>Kidd</surname>
        <email>orci.Ut.sagittis@nonenimcommodo.ca</email>
    </person>
    <person>
        <name>Nora</name>
        <surname>Rivera</surname>
        <email>gravida@consequatdolorvitae.edu</email>
    </person>
    <person>
        <name>Zeph</name>
        <surname>Snyder</surname>
        <email>Donec.est@enimEtiam.ca</email>
    </person>
    <person>
        <name>Britanni</name>
        <surname>Williamson</surname>
        <email>nulla.ante@sempereratin.edu</email>
    </person>
    <person>
        <name>Jermaine</name>
        <surname>Jones</surname>
        <email>sapien.Aenean@Quisquenonummyipsum.org</email>
    </person>
    <person>
        <name>Steel</name>
        <surname>Newton</surname>
        <email>cursus.et@Curabiturut.org</email>
    </person>
    <person>
        <name>Hyatt</name>
        <surname>Manning</surname>
        <email>eget.massa.Suspendisse@aptenttaciti.edu</email>
    </person>
    <person>
        <name>Stone</name>
        <surname>Sloan</surname>
        <email>adipiscing.elit.Curabitur@estvitaesodales.org</email>
    </person>
    <person>
        <name>Lewis</name>
        <surname>Guthrie</surname>
        <email>neque.Nullam@Nuncpulvinararcu.edu</email>
    </person>
    <person>
        <name>Sandra</name>
        <surname>Cannon</surname>
        <email>lobortis.nisi.nibh@luctuslobortisClass.com</email>
    </person>
    <person>
        <name>Daria</name>
        <surname>Page</surname>
        <email>Aenean.sed.pede@facilisis.edu</email>
    </person>
    <person>
        <name>Mohammad</name>
        <surname>Soto</surname>
        <email>blandit@aliquamarcuAliquam.org</email>
    </person>
    <person>
        <name>Kerry</name>
        <surname>Lowery</surname>
        <email>vitae@mauriserateget.edu</email>
    </person>
    <person>
        <name>Quinlan</name>
        <surname>Roy</surname>
        <email>est.ac@mollisvitaeposuere.com</email>
    </person>
    <person>
        <name>Patricia</name>
        <surname>Kirkland</surname>
        <email>ipsum.dolor@orci.org</email>
    </person>
    <person>
        <name>Janna</name>
        <surname>Banks</surname>
        <email>id.mollis.nec@eteuismodet.org</email>
    </person>
    <person>
        <name>Lucius</name>
        <surname>William</surname>
        <email>sem@Nullamlobortis.com</email>
    </person>
    <person>
        <name>Ira</name>
        <surname>Buck</surname>
        <email>pede.nonummy@dapibusgravidaAliquam.ca</email>
    </person>
    <person>
        <name>Shellie</name>
        <surname>Charles</surname>
        <email>est@lobortisultricesVivamus.org</email>
    </person>
    <person>
        <name>Stewart</name>
        <surname>Cabrera</surname>
        <email>libero@feugiat.com</email>
    </person>
    <person>
        <name>April</name>
        <surname>Sheppard</surname>
        <email>sit@seddictumeleifend.ca</email>
    </person>
    <person>
        <name>Gail</name>
        <surname>Rollins</surname>
        <email>odio@Proinnonmassa.ca</email>
    </person>
    <person>
        <name>Ross</name>
        <surname>Levy</surname>
        <email>sit.amet.ultricies@Quisqueliberolacus.com</email>
    </person>
    <person>
        <name>Hadley</name>
        <surname>Mccormick</surname>
        <email>vitae.posuere.at@enimnonnisi.org</email>
    </person>
    <person>
        <name>Susan</name>
        <surname>Banks</surname>
        <email>interdum@nislsemconsequat.org</email>
    </person>
    <person>
        <name>Nash</name>
        <surname>Nolan</surname>
        <email>convallis.dolor@enimSed.ca</email>
    </person>
    <person>
        <name>Gretchen</name>
        <surname>Carson</surname>
        <email>elit.dictum.eu@temporarcuVestibulum.ca</email>
    </person>
    <person>
        <name>Harper</name>
        <surname>Hull</surname>
        <email>eget@imperdiet.edu</email>
    </person>
    <person>
        <name>Porter</name>
        <surname>Benson</surname>
        <email>tempus.non@Aenean.org</email>
    </person>
    <person>
        <name>Xenos</name>
        <surname>Tate</surname>
        <email>blandit@antebibendum.org</email>
    </person>
    <person>
        <name>Ali</name>
        <surname>Carver</surname>
        <email>Nulla.aliquet@ornare.org</email>
    </person>
    <person>
        <name>Zachery</name>
        <surname>Shepherd</surname>
        <email>vitae.erat@sed.edu</email>
    </person>
    <person>
        <name>Garrett</name>
        <surname>Leach</surname>
        <email>risus@quisurna.org</email>
    </person>
    <person>
        <name>Mufutau</name>
        <surname>Greer</surname>
        <email>bibendum@luctus.com</email>
    </person>
    <person>
        <name>Ryan</name>
        <surname>Bryant</surname>
        <email>turpis@purus.edu</email>
    </person>
    <person>
        <name>Lacey</name>
        <surname>Riley</surname>
        <email>sed.turpis.nec@molestieSed.ca</email>
    </person>
    <person>
        <name>Tiger</name>
        <surname>Ryan</surname>
        <email>lorem@vel.com</email>
    </person>
    <person>
        <name>Upton</name>
        <surname>Sullivan</surname>
        <email>amet@Proin.com</email>
    </person>
    <person>
        <name>Juliet</name>
        <surname>Tate</surname>
        <email>pede.Cum@eu.edu</email>
    </person>
    <person>
        <name>Dieter</name>
        <surname>Bowman</surname>
        <email>lorem.eu@pellentesqueegetdictum.com</email>
    </person>
    <person>
        <name>Jelani</name>
        <surname>Knapp</surname>
        <email>Nulla@Morbi.org</email>
    </person>
    <person>
        <name>Martena</name>
        <surname>Leblanc</surname>
        <email>arcu.Vestibulum.ut@quamquis.edu</email>
    </person>
    <person>
        <name>Megan</name>
        <surname>Hull</surname>
        <email>eu.nulla@amalesuada.com</email>
    </person>
    <person>
        <name>Ginger</name>
        <surname>Mcpherson</surname>
        <email>dui.augue@Innecorci.com</email>
    </person>
    <person>
        <name>Kylan</name>
        <surname>Gilmore</surname>
        <email>urna.Ut.tincidunt@aliquetsemut.com</email>
    </person>
    <person>
        <name>Carlos</name>
        <surname>King</surname>
        <email>fermentum@lacus.com</email>
    </person>
    <person>
        <name>Irma</name>
        <surname>Blake</surname>
        <email>Aliquam.nec@adipiscingelit.com</email>
    </person>
    <person>
        <name>Tad</name>
        <surname>Allen</surname>
        <email>rhoncus.Proin.nisl@vehiculaaliquet.ca</email>
    </person>
    <person>
        <name>Fiona</name>
        <surname>Kline</surname>
        <email>risus@gravidasagittisDuis.ca</email>
    </person>
    <person>
        <name>Nell</name>
        <surname>Franco</surname>
        <email>blandit@viverraMaecenasiaculis.org</email>
    </person>
    <person>
        <name>Scarlet</name>
        <surname>Hall</surname>
        <email>tincidunt@Nullamsuscipit.com</email>
    </person>
    <person>
        <name>Zane</name>
        <surname>Mccray</surname>
        <email>volutpat.Nulla@malesuadafringilla.edu</email>
    </person>
    <person>
        <name>Connor</name>
        <surname>Salas</surname>
        <email>Sed.nulla.ante@eu.com</email>
    </person>
    <person>
        <name>Carlos</name>
        <surname>Hunt</surname>
        <email>Nam@nequevenenatislacus.org</email>
    </person>
    <person>
        <name>Lane</name>
        <surname>Andrews</surname>
        <email>a.sollicitudin@inconsequat.org</email>
    </person>
    <person>
        <name>Shana</name>
        <surname>Ballard</surname>
        <email>elementum@nibhlacinia.org</email>
    </person>
    <person>
        <name>Conan</name>
        <surname>Bradshaw</surname>
        <email>vel.arcu.Curabitur@eratnonummyultricies.ca</email>
    </person>
    <person>
        <name>Colleen</name>
        <surname>Brooks</surname>
        <email>erat.volutpat@cubiliaCurae;.edu</email>
    </person>
    <person>
        <name>Francis</name>
        <surname>Hardy</surname>
        <email>sit.amet.luctus@dignissimlacus.com</email>
    </person>
    <person>
        <name>Reuben</name>
        <surname>Rodriguez</surname>
        <email>natoque.penatibus.et@euaccumsansed.com</email>
    </person>
    <person>
        <name>Iris</name>
        <surname>Reid</surname>
        <email>sed@Quisquepurussapien.edu</email>
    </person>
    <person>
        <name>Phillip</name>
        <surname>Schmidt</surname>
        <email>ut@tortornibhsit.com</email>
    </person>
    <person>
        <name>Jonas</name>
        <surname>Crane</surname>
        <email>ac.mi@luctusCurabitur.org</email>
    </person>
    <person>
        <name>Abbot</name>
        <surname>Terry</surname>
        <email>fringilla@Crasconvallisconvallis.com</email>
    </person>
</persons> 
 